{
  "train_loss": [
    0.7832325024987167,
    0.2310606450685915
  ],
  "val_loss": [
    0.20561132367168153,
    0.06405595111261521
  ],
  "train_acc": {
    "make": [
      0.802623732856291,
      0.9594514013118665
    ],
    "model": [
      0.8073941562313656,
      0.9582587954680978
    ],
    "steer_wheel": [
      1.0,
      1.0
    ]
  },
  "val_acc": {
    "make": [
      0.9498806682577565,
      0.9904534606205251
    ],
    "model": [
      0.9451073985680191,
      0.9904534606205251
    ],
    "steer_wheel": [
      1.0,
      1.0
    ]
  }
}