{
  "train_loss": [
    0.7832325024987167,
    0.2310606450685915,
    0.10803654789924622,
    0.04579352605033596,
    0.08543930895064238,
    0.07453252124723117,
    0.041075973228973175,
    0.07819139023908889,
    0.04721372350523213,
    0.03464502800159367,
    0.020177938514674646,
    0.015248517801255902,
    0.015048092795658927,
    0.005240242854683256,
    0.0078500718101288,
    0.0037440059707666974,
    0.006454748930167934,
    0.006116414175232661
  ],
  "val_loss": [
    0.20561132367168153,
    0.06405595111261521,
    0.11535744145346273,
    0.1265559410759514,
    0.13455841507363533,
    0.08001055730606563,
    0.16984338358140252,
    0.034785556331119745,
    0.07589158393134962,
    0.06320365853337405,
    0.08056366369003497,
    0.0787270924546257,
    0.08788493224970548,
    0.0631606109610792,
    0.07582541527205779,
    0.07250701330173927,
    0.07551881073803608,
    0.08763769893526582
  ],
  "train_acc": {
    "make": [
      0.802623732856291,
      0.9594514013118665,
      0.9803220035778175,
      0.9934406678592725,
      0.9844961240310077,
      0.9892665474060823,
      0.9934406678592725,
      0.9874776386404294,
      0.9940369707811568,
      0.9952295766249255,
      0.9970184853905785,
      0.9970184853905785,
      0.9970184853905785,
      1.0,
      0.9994036970781157,
      1.0,
      0.998211091234347,
      0.9994036970781157
    ],
    "model": [
      0.8073941562313656,
      0.9582587954680978,
      0.9797257006559332,
      0.9934406678592725,
      0.9856887298747764,
      0.9874776386404294,
      0.9946332737030411,
      0.986881335718545,
      0.9940369707811568,
      0.9940369707811568,
      0.9970184853905785,
      0.9964221824686941,
      0.9976147883124628,
      1.0,
      0.9994036970781157,
      1.0,
      0.9988073941562313,
      0.9988073941562313
    ],
    "steer_wheel": [
      1.0,
      1.0,
      1.0,
      1.0,
      1.0,
      1.0,
      1.0,
      1.0,
      1.0,
      1.0,
      1.0,
      1.0,
      1.0,
      1.0,
      1.0,
      1.0,
      1.0,
      1.0
    ]
  },
  "val_acc": {
    "make": [
      0.9498806682577565,
      0.9904534606205251,
      0.9785202863961814,
      0.9856801909307876,
      0.9785202863961814,
      0.9856801909307876,
      0.9761336515513126,
      0.9880668257756563,
      0.9832935560859188,
      0.9880668257756563,
      0.9832935560859188,
      0.9880668257756563,
      0.9856801909307876,
      0.9880668257756563,
      0.9880668257756563,
      0.9880668257756563,
      0.9880668257756563,
      0.9880668257756563
    ],
    "model": [
      0.9451073985680191,
      0.9904534606205251,
      0.9761336515513126,
      0.9856801909307876,
      0.9761336515513126,
      0.9856801909307876,
      0.9761336515513126,
      0.9880668257756563,
      0.9832935560859188,
      0.9880668257756563,
      0.9832935560859188,
      0.9880668257756563,
      0.9856801909307876,
      0.9880668257756563,
      0.9880668257756563,
      0.9880668257756563,
      0.9880668257756563,
      0.9880668257756563
    ],
    "steer_wheel": [
      1.0,
      1.0,
      1.0,
      1.0,
      1.0,
      1.0,
      1.0,
      1.0,
      1.0,
      1.0,
      1.0,
      1.0,
      1.0,
      1.0,
      1.0,
      1.0,
      1.0,
      1.0
    ]
  }
}